<?xml version="1.0" encoding="UTF-8"?>
<beans xmlns="http://www.springframework.org/schema/beans"
   xmlns:xsi="http://www.w3.org/2001/XMLSchema-instance"
   xmlns:context="http://www.springframework.org/schema/context"
   xsi:schemaLocation="http://www.springframework.org/schema/beans http://www.springframework.org/schema/beans/spring-beans.xsd
      http://www.springframework.org/schema/context http://www.springframework.org/schema/context/spring-context-4.3.xsd">
    <!-- 개발에 사용하는 Dummy Mail -->
    <bean id="dummyMailSender" class="com.pcwk.ehr.DummyMailSender"></bean>
    
    <!-- Naver smtp 계정 -->
    <bean id="mailSenderImpl" class="org.springframework.mail.javamail.JavaMailSenderImpl">
        <property name="host" value="smtp.naver.com" />
        <property name="port" value="465" />
        <property name="username" value="이메일" />
        <property name="password" value="비번" />
        <property name="defaultEncoding" value="utf-8" />
        <property name="javaMailProperties">
	         <props>
	             <prop key="mail.smtp.host">smtp.naver.com</prop>
	             <prop key="mail.smtp.port">465</prop>
	             <prop key="mail.smtp.auth">true</prop>
	             <prop key="mail.smtp.ssl.protocols">TLSv1.2</prop>
	             <prop key="mail.smtp.ssl.enable">true</prop>
	             <prop key="mail.smtp.ssl.trust">smtp.naver.com</prop>
	             <prop key="mail.debug">true</prop>
	         </props>
        </property>
    </bean>
    

   <!-- JDBC DataSrpirceTransactionManager -->
   <bean id="transactionManager" class="org.springframework.jdbc.datasource.DataSourceTransactionManager">
        <property name="dataSource" ref="dataSource" />
   </bean>
    
    <!-- JTA : WAS 지원(안됨)-->
<!--     <bean id="transactionManager" class="org.springframework.transaction.jta.JtaTransactionManager">
            <property name="dataSource" ref="dataSource" />
        </bean> -->
    
    <!-- service -->
    <bean id="userService" class="com.pcwk.ehr.UserServiceImpl">
        <property name="userDao" ref="userDao" />
        <property name="dataSource" ref="dataSource" />
        <property name="mailSender" ref="dummyMailSender" />
    </bean>

    <!--DataSource를 구현한 SimpleDriverDataSource-->
    <bean id="dataSource" class="org.springframework.jdbc.datasource.SimpleDriverDataSource">
        <!-- jdbc 드라이버 -->
        <property name="driverClass" value="oracle.jdbc.driver.OracleDriver"/>
        <!-- jdbc url -->
        <property name="url" value="jdbc:oracle:thin:@192.168.3.101:1521:xe"/>
        <!-- username -->
        <property name="username" value="SPRING" />
        <!-- 비밀번호 -->
        <property name="password" value="pcwk_spring" />
    </bean>
    
    <!-- dao -->
    <bean id="userDao" class="com.pcwk.ehr.UserDaoImpl">
        <!-- setter통한 의존관계 주입 -->
        <property name="dataSource" ref="dataSource"/>
    </bean>
    

</beans>